"Location","StationCode","Longitude","Latitude","SampleDate","SampleTime","MethodCode","GearConditionCode","TowNumber","Volume","WaterTemp","OrganismCode","Count"
"Chipps Island","SB018M",-121.909917,38.04598,2017-05-01,"07:30:00","MWTR",1,1,20985.09398986,15.8999996185303,"CHN",22
"Chipps Island","SB018M",-121.909917,38.04598,2017-05-01,"07:55:00","MWTR",1,2,19911.09895852,15.8000001907349,"CHN",14
"Chipps Island","SB018M",-121.909917,38.04598,2017-05-01,"08:20:00","MWTR",1,3,19597.538345,16.1000003814697,"CHN",7
"Chipps Island","SB018M",-121.909917,38.04598,2017-05-01,"08:20:00","MWTR",1,3,19597.538345,16.1000003814697,"TSS",1
"Chipps Island","SB018M",-121.909917,38.04598,2017-05-01,"08:48:00","MWTR",1,4,20492.28455428,16,"AMS",1
"Chipps Island","SB018M",-121.909917,38.04598,2017-05-01,"08:48:00","MWTR",1,4,20492.28455428,16,"CHN",5
"Chipps Island","SB018S",-121.909917,38.04283,2017-05-01,"09:14:00","MWTR",1,5,19902.1115524,16,"CHN",6
"Chipps Island","SB018S",-121.909917,38.04283,2017-05-01,"09:39:00","MWTR",1,6,20140.27781458,16.2999992370605,"CHN",6
"Chipps Island","SB018S",-121.909917,38.04283,2017-05-01,"10:03:00","MWTR",1,7,21256.21407448,15.8999996185303,"CHN",17
"Chipps Island","SB018N",-121.909917,38.047967,2017-05-01,"10:35:00","MWTR",1,8,20870.25491166,15.6000003814697,"CHN",8
"Chipps Island","SB018N",-121.909917,38.047967,2017-05-01,"10:35:00","MWTR",1,8,20870.25491166,15.6000003814697,"RBT",1
"Chipps Island","SB018N",-121.909917,38.047967,2017-05-01,"11:02:00","MWTR",1,9,19981.00100612,15.6000003814697,"CHN",9
"Chipps Island","SB018N",-121.909917,38.047967,2017-05-01,"11:28:00","MWTR",1,10,21734.04449986,15.8000001907349,"CHN",7
"Chipps Island","SB018S",-121.909917,38.04283,2017-05-02,"07:42:00","MWTR",1,1,20785.8731542,16.3999996185303,"CHN",19
"Chipps Island","SB018S",-121.909917,38.04283,2017-05-02,"08:07:00","MWTR",1,2,19711.37882252,16.6000003814697,"CHN",12
"Chipps Island","SB018S",-121.909917,38.04283,2017-05-02,"08:31:00","MWTR",1,3,18695.30263062,16.5,"CHN",13
"Chipps Island","SB018S",-121.909917,38.04283,2017-05-02,"08:56:00","MWTR",1,4,19807.2444878,16.5,"CHN",7
"Chipps Island","SB018M",-121.909917,38.04598,2017-05-02,"09:22:00","MWTR",1,5,20882.73742016,16.6000003814697,"CHN",14
"Chipps Island","SB018M",-121.909917,38.04598,2017-05-02,"09:47:00","MWTR",1,6,19743.83334462,16.7000007629395,"CHN",11
"Chipps Island","SB018M",-121.909917,38.04598,2017-05-02,"10:11:00","MWTR",1,7,19961.52829286,16.7000007629395,"CHN",19
"Chipps Island","SB018N",-121.909917,38.047967,2017-05-02,"10:38:00","MWTR",1,8,15695.00688756,17.1000003814697,"CHN",12
"Chipps Island","SB018N",-121.909917,38.047967,2017-05-02,"11:08:00","MWTR",1,9,18518.55031026,16.2000007629395,"CHN",18
"Chipps Island","SB018M",-121.909917,38.04598,2017-05-02,"11:42:00","MWTR",1,10,20475.30834272,16.2999992370605,"CHN",17
"Chipps Island","SB018S",-121.909917,38.04283,2017-05-03,"07:53:00","MWTR",1,1,23034.22258522,17.2999992370605,"CHN",19
"Chipps Island","SB018S",-121.909917,38.04283,2017-05-03,"08:15:00","MWTR",1,2,19112.21841452,17.2000007629395,"CHN",19
"Chipps Island","SB018S",-121.909917,38.04283,2017-05-03,"08:42:00","MWTR",1,3,19333.90776548,17.1000003814697,"CHN",38
"Chipps Island","SB018M",-121.909917,38.04598,2017-05-03,"09:09:00","MWTR",1,4,19810.73959018,17.5,"CHN",53
"Chipps Island","SB018M",-121.909917,38.04598,2017-05-03,"09:36:00","MWTR",1,5,19042.31636692,17.5,"CHN",33
"Chipps Island","SB018M",-121.909917,38.04598,2017-05-03,"10:02:00","MWTR",1,6,21681.11866382,17.5,"CHN",23
"Chipps Island","SB018M",-121.909917,38.04598,2017-05-03,"10:29:00","MWTR",1,7,19492.18597326,17.5,"CHN",22
"Chipps Island","SB018N",-121.909917,38.047967,2017-05-03,"10:54:00","MWTR",1,8,21490.38593394,17.7999992370605,"CHN",23
"Chipps Island","SB018N",-121.909917,38.047967,2017-05-03,"11:18:00","MWTR",1,9,19922.083566,17.7000007629395,"CHN",35
"Chipps Island","SB018N",-121.909917,38.047967,2017-05-03,"11:43:00","MWTR",1,10,12515.46232244,17.1000003814697,"CHN",32
"Chipps Island","SB018N",-121.909917,38.047967,2017-05-04,"07:49:00","MWTR",1,1,18546.01182896,17.2000007629395,"CHN",42
"Chipps Island","SB018N",-121.909917,38.047967,2017-05-04,"08:14:00","MWTR",1,2,19556.09641678,17.1000003814697,"CHN",30
"Chipps Island","SB018N",-121.909917,38.047967,2017-05-04,"08:38:00","MWTR",1,3,20243.13368462,17.2000007629395,"AMS",1
"Chipps Island","SB018N",-121.909917,38.047967,2017-05-04,"08:38:00","MWTR",1,3,20243.13368462,17.2000007629395,"CHN",21
"Chipps Island","SB018N",-121.909917,38.047967,2017-05-04,"09:03:00","MWTR",1,4,20175.72813872,17.6000003814697,"CHN",12
"Chipps Island","SB018M",-121.909917,38.04598,2017-05-04,"09:28:00","MWTR",1,5,20458.33213116,17.6000003814697,"CHN",25
"Chipps Island","SB018M",-121.909917,38.04598,2017-05-04,"09:53:00","MWTR",1,6,16433.47209042,17.7000007629395,"CHN",12
"Chipps Island","SB018M",-121.909917,38.04598,2017-05-04,"10:17:00","MWTR",1,7,19687.4124062,17.6000003814697,"CHN",20
"Chipps Island","SB018S",-121.909917,38.04283,2017-05-04,"10:43:00","MWTR",1,8,19947.048583,17.7000007629395,"CHN",40
"Chipps Island","SB018S",-121.909917,38.04283,2017-05-04,"11:11:00","MWTR",1,9,14608.52934772,17.7000007629395,"CHN",13
"Chipps Island","SB018S",-121.909917,38.04283,2017-05-04,"11:39:00","MWTR",1,10,20389.42868424,17.7999992370605,"CHN",28
"Chipps Island","SB018S",-121.909917,38.04283,2017-05-05,"08:18:00","MWTR",1,1,18080.66391208,18.3999996185303,"CHN",20
"Chipps Island","SB018S",-121.909917,38.04283,2017-05-05,"08:44:00","MWTR",1,2,19018.84925094,18.1000003814697,"CHN",15
"Chipps Island","SB018S",-121.909917,38.04283,2017-05-05,"09:07:00","MWTR",1,3,20433.36711416,18.2000007629395,"CHN",5
"Chipps Island","SB018S",-121.909917,38.04283,2017-05-05,"09:33:00","MWTR",1,4,19471.21535898,18.2000007629395,"CHN",4
"Chipps Island","SB018N",-121.909917,38.047967,2017-05-05,"10:00:00","MWTR",1,5,19842.69481194,18.2000007629395,"CHN",35
"Chipps Island","SB018N",-121.909917,38.047967,2017-05-05,"10:24:00","MWTR",1,6,19505.1677821,18,"CHN",3
"Chipps Island","SB018N",-121.909917,38.047967,2017-05-05,"10:53:00","MWTR",1,7,20348.9853567,17.7999992370605,"AMS",1
"Chipps Island","SB018N",-121.909917,38.047967,2017-05-05,"10:53:00","MWTR",1,7,20348.9853567,17.7999992370605,"CHN",120
"Chipps Island","SB018M",-121.909917,38.04598,2017-05-05,"11:21:00","MWTR",1,8,20213.17566422,17.8999996185303,"CHN",51
"Chipps Island","SB018M",-121.909917,38.04598,2017-05-05,"11:21:00","MWTR",1,8,20213.17566422,17.8999996185303,"SPLT",1
"Chipps Island","SB018M",-121.909917,38.04598,2017-05-05,"11:46:00","MWTR",1,9,19768.29906128,18,"AMS",1
"Chipps Island","SB018M",-121.909917,38.04598,2017-05-05,"11:46:00","MWTR",1,9,19768.29906128,18,"CHN",28
"Chipps Island","SB018M",-121.909917,38.04598,2017-05-05,"12:13:00","MWTR",1,10,20550.20339372,18,"CHN",21
"Chipps Island","SB018N",-121.909917,38.047967,2017-05-06,"07:57:00","MWTR",1,1,18630.89288676,17.5,"CHN",13
"Chipps Island","SB018N",-121.909917,38.047967,2017-05-06,"07:57:00","MWTR",1,1,18630.89288676,17.5,"STB",1
"Chipps Island","SB018N",-121.909917,38.047967,2017-05-06,"08:21:00","MWTR",1,2,22077.06383344,17.2999992370605,"AMS",1
"Chipps Island","SB018N",-121.909917,38.047967,2017-05-06,"08:21:00","MWTR",1,2,22077.06383344,17.2999992370605,"CHN",16
"Chipps Island","SB018N",-121.909917,38.047967,2017-05-06,"08:45:00","MWTR",1,3,22364.66082928,17.3999996185303,"CHN",42
"Chipps Island","SB018N",-121.909917,38.047967,2017-05-06,"09:10:00","MWTR",1,4,18421.6860443,17.2000007629395,"CHN",30
"Chipps Island","SB018M",-121.909917,38.04598,2017-05-06,"09:35:00","MWTR",1,5,19999.4751187,17.7000007629395,"CHN",41
"Chipps Island","SB018M",-121.909917,38.04598,2017-05-06,"10:00:00","MWTR",1,6,20778.88294944,17.7000007629395,"AMS",1
"Chipps Island","SB018M",-121.909917,38.04598,2017-05-06,"10:00:00","MWTR",1,6,20778.88294944,17.7000007629395,"CHN",44
"Chipps Island","SB018M",-121.909917,38.04598,2017-05-06,"10:26:00","MWTR",1,7,20183.21764382,17.7000007629395,"AMS",1
"Chipps Island","SB018M",-121.909917,38.04598,2017-05-06,"10:26:00","MWTR",1,7,20183.21764382,17.7000007629395,"CHN",22
"Chipps Island","SB018M",-121.909917,38.04598,2017-05-06,"10:26:00","MWTR",1,7,20183.21764382,17.7000007629395,"TFS",1
"Chipps Island","SB018S",-121.909917,38.04283,2017-05-06,"10:51:00","MWTR",1,8,20552.69989542,17.8999996185303,"AMS",1
"Chipps Island","SB018S",-121.909917,38.04283,2017-05-06,"10:51:00","MWTR",1,8,20552.69989542,17.8999996185303,"CHN",6
"Chipps Island","SB018S",-121.909917,38.04283,2017-05-06,"11:15:00","MWTR",1,9,20687.51098722,17.8999996185303,"CHN",9
"Chipps Island","SB018S",-121.909917,38.04283,2017-05-06,"11:39:00","MWTR",1,10,21209.77914286,18,"CHN",26
"Chipps Island","SB018M",-121.909917,38.04598,2017-05-07,"07:26:00","MWTR",1,1,19212.07848252,17.7999992370605,"AMS",1
"Chipps Island","SB018M",-121.909917,38.04598,2017-05-07,"07:26:00","MWTR",1,1,19212.07848252,17.7999992370605,"CHN",35
"Chipps Island","SB018M",-121.909917,38.04598,2017-05-07,"07:50:00","MWTR",1,2,20624.09984404,17.5,"CHN",49
"Chipps Island","SB018M",-121.909917,38.04598,2017-05-07,"08:14:00","MWTR",1,3,21906.8024175,17.5,"CHN",29
"Chipps Island","SB018S",-121.909917,38.04283,2017-05-07,"08:40:00","MWTR",1,4,21316.62941562,17.8999996185303,"CHN",28
"Chipps Island","SB018S",-121.909917,38.04283,2017-05-07,"09:05:00","MWTR",1,5,20742.93332496,18,"CHN",46
"Chipps Island","SB018S",-121.909917,38.04283,2017-05-07,"09:29:00","MWTR",1,6,19487.19296986,18.1000003814697,"CHN",20
"Chipps Island","SB018S",-121.909917,38.04283,2017-05-07,"09:53:00","MWTR",1,7,21092.9428633,18.6000003814697,"CHN",22
"Chipps Island","SB018N",-121.909917,38.047967,2017-05-07,"10:20:00","MWTR",1,8,20628.5935471,17.5,"CHN",45
"Chipps Island","SB018N",-121.909917,38.047967,2017-05-07,"10:45:00","MWTR",1,9,12939.3683111,17.6000003814697,"AMS",2
"Chipps Island","SB018N",-121.909917,38.047967,2017-05-07,"10:45:00","MWTR",1,9,12939.3683111,17.6000003814697,"CHN",32
"Chipps Island","SB018N",-121.909917,38.047967,2017-05-07,"11:09:00","MWTR",1,10,20408.40209716,17.3999996185303,"CHN",23
"Chipps Island","SB018N",-121.909917,38.047967,2017-05-07,"11:43:00","MWTR",1,11,33096.62233724,17.5,"AMS",2
"Chipps Island","SB018N",-121.909917,38.047967,2017-05-07,"11:43:00","MWTR",1,11,33096.62233724,17.5,"CHN",28
"Chipps Island","SB018N",-121.909917,38.047967,2017-05-08,"07:43:00","MWTR",1,1,18785.67599216,17.6000003814697,"AMS",1
"Chipps Island","SB018N",-121.909917,38.047967,2017-05-08,"07:43:00","MWTR",1,1,18785.67599216,17.6000003814697,"CHN",14
"Chipps Island","SB018N",-121.909917,38.047967,2017-05-08,"08:07:00","MWTR",1,2,21318.12731664,17.6000003814697,"CHN",14
"Chipps Island","SB018N",-121.909917,38.047967,2017-05-08,"08:31:00","MWTR",1,3,21184.31482552,16.8999996185303,"AMS",1
"Chipps Island","SB018N",-121.909917,38.047967,2017-05-08,"08:31:00","MWTR",1,3,21184.31482552,16.8999996185303,"CHN",16
"Chipps Island","SB018N",-121.909917,38.047967,2017-05-08,"08:55:00","MWTR",1,4,20796.85776168,17.6000003814697,"CHN",14
"Chipps Island","SB018M",-121.909917,38.04598,2017-05-08,"09:22:00","MWTR",1,5,21374.54825506,17.7000007629395,"CHN",31
"Chipps Island","SB018M",-121.909917,38.04598,2017-05-08,"09:46:00","MWTR",1,6,21070.97364834,17.6000003814697,"CHN",18
"Chipps Island","SB018M",-121.909917,38.04598,2017-05-08,"10:11:00","MWTR",1,7,20645.56975866,17.7000007629395,"CHN",22
"Chipps Island","SB018S",-121.909917,38.04283,2017-05-08,"10:38:00","MWTR",1,8,19134.18762948,18.1000003814697,"CHN",32
"Chipps Island","SB018S",-121.909917,38.04283,2017-05-08,"11:01:00","MWTR",1,9,17123.5051603,18.1000003814697,"CHN",17
"Chipps Island","SB018S",-121.909917,38.04283,2017-05-08,"11:24:00","MWTR",1,10,20348.48605636,18.2000007629395,"CHN",16
"Chipps Island","SB018N",-121.909917,38.047967,2017-05-09,"07:54:00","MWTR",1,1,18502.07339904,17.8999996185303,"CHN",22
"Chipps Island","SB018N",-121.909917,38.047967,2017-05-09,"08:18:00","MWTR",1,2,23177.02248246,17.8999996185303,"AMS",1
"Chipps Island","SB018N",-121.909917,38.047967,2017-05-09,"08:18:00","MWTR",1,2,23177.02248246,17.8999996185303,"CHN",5
"Chipps Island","SB018N",-121.909917,38.047967,2017-05-09,"08:18:00","MWTR",1,2,23177.02248246,17.8999996185303,"SHM",1
"Chipps Island","SB018N",-121.909917,38.047967,2017-05-09,"08:44:00","MWTR",1,3,23005.76246584,17.7999992370605,"AMS",1
"Chipps Island","SB018N",-121.909917,38.047967,2017-05-09,"08:44:00","MWTR",1,3,23005.76246584,17.7999992370605,"CHN",5
"Chipps Island","SB018N",-121.909917,38.047967,2017-05-09,"08:44:00","MWTR",1,3,23005.76246584,17.7999992370605,"STB",1
"Chipps Island","SB018N",-121.909917,38.047967,2017-05-09,"09:07:00","MWTR",1,4,22113.51275826,17.7999992370605,"AMS",1
"Chipps Island","SB018N",-121.909917,38.047967,2017-05-09,"09:07:00","MWTR",1,4,22113.51275826,17.7999992370605,"CHN",3
"Chipps Island","SB018M",-121.909917,38.04598,2017-05-09,"09:34:00","MWTR",1,5,22127.49316778,17.8999996185303,"CHN",18
"Chipps Island","SB018M",-121.909917,38.04598,2017-05-09,"09:34:00","MWTR",1,5,22127.49316778,17.8999996185303,"WHC",1
"Chipps Island","SB018M",-121.909917,38.04598,2017-05-09,"09:58:00","MWTR",1,6,31742.51981516,18.2999992370605,"CHN",12
"Chipps Island","SB018M",-121.909917,38.04598,2017-05-09,"10:23:00","MWTR",1,7,26678.11646654,17.7999992370605,"CHN",12
"Chipps Island","SB018S",-121.909917,38.04283,2017-05-09,"10:49:00","MWTR",1,8,19979.00380476,18.6000003814697,"CHN",1
"Chipps Island","SB018S",-121.909917,38.04283,2017-05-09,"11:14:00","MWTR",1,9,25350.97616282,18.3999996185303,"AMS",2
"Chipps Island","SB018S",-121.909917,38.04283,2017-05-09,"11:14:00","MWTR",1,9,25350.97616282,18.3999996185303,"CHN",47
"Chipps Island","SB018S",-121.909917,38.04283,2017-05-09,"11:39:00","MWTR",1,10,18652.36280138,18.7999992370605,"CHN",16
"Chipps Island","SB018M",-121.909917,38.04598,2017-05-10,"07:52:00","MWTR",1,1,15878.25011234,18.2999992370605,"AMS",1
"Chipps Island","SB018M",-121.909917,38.04598,2017-05-10,"07:52:00","MWTR",1,1,15878.25011234,18.2999992370605,"CHN",32
"Chipps Island","SB018M",-121.909917,38.04598,2017-05-10,"08:18:00","MWTR",1,2,23246.42522972,18,"CHN",51
"Chipps Island","SB018M",-121.909917,38.04598,2017-05-10,"08:44:00","MWTR",1,3,25263.09930298,18.2000007629395,"AMS",1
"Chipps Island","SB018M",-121.909917,38.04598,2017-05-10,"08:44:00","MWTR",1,3,25263.09930298,18.2000007629395,"CHN",44
"Chipps Island","SB018S",-121.909917,38.04283,2017-05-10,"09:11:00","MWTR",1,4,22577.86207446,18.2000007629395,"CHN",38
"Chipps Island","SB018S",-121.909917,38.04283,2017-05-10,"09:36:00","MWTR",1,5,21833.90456786,18.2999992370605,"CHN",36
"Chipps Island","SB018S",-121.909917,38.04283,2017-05-10,"10:01:00","MWTR",1,6,27072.56373514,18.1000003814697,"AMS",1
"Chipps Island","SB018S",-121.909917,38.04283,2017-05-10,"10:01:00","MWTR",1,6,27072.56373514,18.1000003814697,"CHN",34
"Chipps Island","SB018N",-121.909917,38.047967,2017-05-10,"10:21:00","MWTR",1,7,24582.55293956,17.8999996185303,"CHN",12
"Chipps Island","SB018N",-121.909917,38.047967,2017-05-10,"10:53:00","MWTR",1,8,27234.83634564,18,"AMS",2
"Chipps Island","SB018N",-121.909917,38.047967,2017-05-10,"10:53:00","MWTR",1,8,27234.83634564,18,"CHN",53
"Chipps Island","SB018N",-121.909917,38.047967,2017-05-10,"10:53:00","MWTR",1,8,27234.83634564,18,"SPLT",1
"Chipps Island","SB018N",-121.909917,38.047967,2017-05-10,"11:18:00","MWTR",1,9,20289.56861624,17.7000007629395,"CHN",67
"Chipps Island","SB018N",-121.909917,38.047967,2017-05-10,"11:51:00","MWTR",1,10,21251.72037142,17.7999992370605,"AMS",1
"Chipps Island","SB018N",-121.909917,38.047967,2017-05-10,"11:51:00","MWTR",1,10,21251.72037142,17.7999992370605,"CHN",35
"Chipps Island","SB018N",-121.909917,38.047967,2017-05-10,"11:51:00","MWTR",1,10,21251.72037142,17.7999992370605,"RBT",1
"Chipps Island","SB018M",-121.909917,38.04598,2017-05-11,"07:56:00","MWTR",1,1,17667.7425309,17.8999996185303,"AMS",1
"Chipps Island","SB018M",-121.909917,38.04598,2017-05-11,"07:56:00","MWTR",1,1,17667.7425309,17.8999996185303,"CHN",45
"Chipps Island","SB018M",-121.909917,38.04598,2017-05-11,"07:56:00","MWTR",1,1,17667.7425309,17.8999996185303,"STB",1
"Chipps Island","SB018M",-121.909917,38.04598,2017-05-11,"08:21:00","MWTR",1,2,22058.09042052,17.8999996185303,"AMS",1
"Chipps Island","SB018M",-121.909917,38.04598,2017-05-11,"08:21:00","MWTR",1,2,22058.09042052,17.8999996185303,"CHN",52
"Chipps Island","SB018M",-121.909917,38.04598,2017-05-11,"08:45:00","MWTR",1,3,22386.1307439,17.7999992370605,"CHN",58
"Chipps Island","SB018N",-121.909917,38.047967,2017-05-11,"09:16:00","MWTR",1,4,20988.0897919,17.7000007629395,"CHN",17
"Chipps Island","SB018N",-121.909917,38.047967,2017-05-11,"09:40:00","MWTR",1,5,21876.8443971,17.2000007629395,"AMS",1
"Chipps Island","SB018N",-121.909917,38.047967,2017-05-11,"09:40:00","MWTR",1,5,21876.8443971,17.2000007629395,"CHN",26
"Chipps Island","SB018N",-121.909917,38.047967,2017-05-11,"10:05:00","MWTR",1,6,22400.11115342,17.7000007629395,"AMS",1
"Chipps Island","SB018N",-121.909917,38.047967,2017-05-11,"10:05:00","MWTR",1,6,22400.11115342,17.7000007629395,"CHN",35
"Chipps Island","SB018N",-121.909917,38.047967,2017-05-11,"10:30:00","MWTR",1,7,21652.65854444,17.6000003814697,"BGS",1
"Chipps Island","SB018N",-121.909917,38.047967,2017-05-11,"10:30:00","MWTR",1,7,21652.65854444,17.6000003814697,"CHN",36
"Chipps Island","SB018S",-121.909917,38.04283,2017-05-11,"10:56:00","MWTR",1,8,20549.70409338,18.6000003814697,"CHN",6
"Chipps Island","SB018S",-121.909917,38.04283,2017-05-11,"11:21:00","MWTR",1,9,20763.90393924,18.5,"CHN",9
"Chipps Island","SB018S",-121.909917,38.04283,2017-05-11,"11:21:00","MWTR",1,9,20763.90393924,18.5,"RBT",1
"Chipps Island","SB018S",-121.909917,38.04283,2017-05-11,"11:45:00","MWTR",1,10,22035.62190522,18.7999992370605,"CHN",6
"Chipps Island","SB018S",-121.909917,38.04283,2017-05-12,"07:59:00","MWTR",1,1,19437.7622362,17.7999992370605,"CHN",20
"Chipps Island","SB018S",-121.909917,38.04283,2017-05-12,"07:59:00","MWTR",1,1,19437.7622362,17.7999992370605,"STB",1
"Chipps Island","SB018S",-121.909917,38.04283,2017-05-12,"08:30:00","MWTR",1,2,22511.45512924,17.7000007629395,"AMS",1
"Chipps Island","SB018S",-121.909917,38.04283,2017-05-12,"08:30:00","MWTR",1,2,22511.45512924,17.7000007629395,"CHN",10
"Chipps Island","SB018S",-121.909917,38.04283,2017-05-12,"08:30:00","MWTR",1,2,22511.45512924,17.7000007629395,"RBT",1
"Chipps Island","SB018S",-121.909917,38.04283,2017-05-12,"08:30:00","MWTR",1,2,22511.45512924,17.7000007629395,"SAPM",1
"Chipps Island","SB018S",-121.909917,38.04283,2017-05-12,"08:55:00","MWTR",1,3,21426.97479076,17.7999992370605,"CHN",14
"Chipps Island","SB018S",-121.909917,38.04283,2017-05-12,"08:55:00","MWTR",1,3,21426.97479076,17.7999992370605,"SHM",1
"Chipps Island","SB018S",-121.909917,38.04283,2017-05-12,"08:55:00","MWTR",1,3,21426.97479076,17.7999992370605,"STB",1
"Chipps Island","SB018N",-121.909917,38.047967,2017-05-12,"09:28:00","MWTR",1,4,21484.8936302,17.3999996185303,"CHN",11
"Chipps Island","SB018N",-121.909917,38.047967,2017-05-12,"09:55:00","MWTR",1,5,20886.73182288,17.6000003814697,"CHN",18
"Chipps Island","SB018N",-121.909917,38.047967,2017-05-12,"09:55:00","MWTR",1,5,20886.73182288,17.6000003814697,"SAPM",1
"Chipps Island","SB018N",-121.909917,38.047967,2017-05-12,"09:55:00","MWTR",1,5,20886.73182288,17.6000003814697,"SHM",1
"Chipps Island","SB018N",-121.909917,38.047967,2017-05-12,"09:55:00","MWTR",1,5,20886.73182288,17.6000003814697,"STB",1
"Chipps Island","SB018N",-121.909917,38.047967,2017-05-12,"10:23:00","MWTR",1,6,21091.94426262,17.5,"CHN",16
"Chipps Island","SB018N",-121.909917,38.047967,2017-05-12,"10:49:00","MWTR",1,7,20634.08585084,17.3999996185303,"CHN",19
"Chipps Island","SB018N",-121.909917,38.047967,2017-05-12,"10:49:00","MWTR",1,7,20634.08585084,17.3999996185303,"SAPM",2
"Chipps Island","SB018M",-121.909917,38.04598,2017-05-12,"11:15:00","MWTR",1,8,21040.5163276,17.6000003814697,"CHN",32
"Chipps Island","SB018M",-121.909917,38.04598,2017-05-12,"11:41:00","MWTR",1,9,20465.32233592,17.5,"CHN",17
"Chipps Island","SB018M",-121.909917,38.04598,2017-05-12,"11:41:00","MWTR",1,9,20465.32233592,17.5,"SPLT",1
"Chipps Island","SB018M",-121.909917,38.04598,2017-05-12,"12:07:00","MWTR",1,10,20718.4676083,17.3999996185303,"CHN",13
"Chipps Island","SB018M",-121.909917,38.04598,2017-05-12,"12:07:00","MWTR",1,10,20718.4676083,17.3999996185303,"TSS",1
"Chipps Island","SB018M",-121.909917,38.04598,2017-05-13,"07:42:00","MWTR",1,1,19256.01691244,17.6000003814697,"CHN",16
"Chipps Island","SB018M",-121.909917,38.04598,2017-05-13,"07:42:00","MWTR",1,1,19256.01691244,17.6000003814697,"STB",1
"Chipps Island","SB018M",-121.909917,38.04598,2017-05-13,"08:07:00","MWTR",1,2,22280.77837216,17.5,"CHN",28
"Chipps Island","SB018M",-121.909917,38.04598,2017-05-13,"08:38:00","MWTR",1,3,21594.739705,17.6000003814697,"CHN",15
"Chipps Island","SB018M",-121.909917,38.04598,2017-05-13,"08:38:00","MWTR",1,3,21594.739705,17.6000003814697,"SPLT",1
"Chipps Island","SB018S",-121.909917,38.04283,2017-05-13,"09:04:00","MWTR",1,4,21362.5650469,17.6000003814697,"AMS",2
"Chipps Island","SB018S",-121.909917,38.04283,2017-05-13,"09:04:00","MWTR",1,4,21362.5650469,17.6000003814697,"CHN",7
"Chipps Island","SB018S",-121.909917,38.04283,2017-05-13,"09:28:00","MWTR",1,5,20601.1320284,17.6000003814697,"AMS",1
"Chipps Island","SB018S",-121.909917,38.04283,2017-05-13,"09:28:00","MWTR",1,5,20601.1320284,17.6000003814697,"CHN",20
"Chipps Island","SB018S",-121.909917,38.04283,2017-05-13,"09:53:00","MWTR",1,6,21595.23900534,17.6000003814697,"CHN",25
"Chipps Island","SB018S",-121.909917,38.04283,2017-05-13,"10:23:00","MWTR",1,7,20085.85407752,17.8999996185303,"CHN",15
"Chipps Island","SB018N",-121.909917,38.047967,2017-05-13,"10:50:00","MWTR",1,8,21171.33301668,17.1000003814697,"CHN",14
"Chipps Island","SB018N",-121.909917,38.047967,2017-05-13,"11:15:00","MWTR",1,9,20480.80064646,17,"CHN",8
"Chipps Island","SB018N",-121.909917,38.047967,2017-05-13,"11:42:00","MWTR",1,10,22101.5295501,16.8999996185303,"AMS",1
"Chipps Island","SB018N",-121.909917,38.047967,2017-05-13,"11:42:00","MWTR",1,10,22101.5295501,16.8999996185303,"BKS",1
"Chipps Island","SB018N",-121.909917,38.047967,2017-05-13,"11:42:00","MWTR",1,10,22101.5295501,16.8999996185303,"CHN",10
"Chipps Island","SB018N",-121.909917,38.047967,2017-05-14,"07:27:00","MWTR",1,1,19718.36902728,17.2000007629395,"AMS",8
"Chipps Island","SB018N",-121.909917,38.047967,2017-05-14,"07:27:00","MWTR",1,1,19718.36902728,17.2000007629395,"CHN",5
"Chipps Island","SB018N",-121.909917,38.047967,2017-05-14,"07:51:00","MWTR",1,2,17139.98207152,16.8999996185303,"AMS",10
"Chipps Island","SB018N",-121.909917,38.047967,2017-05-14,"07:51:00","MWTR",1,2,17139.98207152,16.8999996185303,"CHN",9
"Chipps Island","SB018N",-121.909917,38.047967,2017-05-14,"07:51:00","MWTR",1,2,17139.98207152,16.8999996185303,"SPLT",1
"Chipps Island","SB018N",-121.909917,38.047967,2017-05-14,"07:51:00","MWTR",1,2,17139.98207152,16.8999996185303,"STB",2
"Chipps Island","SB018N",-121.909917,38.047967,2017-05-14,"08:15:00","MWTR",1,3,26888.32190968,17.1000003814697,"AMS",4
"Chipps Island","SB018N",-121.909917,38.047967,2017-05-14,"08:15:00","MWTR",1,3,26888.32190968,17.1000003814697,"CHN",12
"Chipps Island","SB018N",-121.909917,38.047967,2017-05-14,"08:40:00","MWTR",1,4,21725.05709374,17.2000007629395,"AMS",1
"Chipps Island","SB018N",-121.909917,38.047967,2017-05-14,"08:40:00","MWTR",1,4,21725.05709374,17.2000007629395,"CHN",6
"Chipps Island","SB018N",-121.909917,38.047967,2017-05-14,"08:40:00","MWTR",1,4,21725.05709374,17.2000007629395,"STB",2
"Chipps Island","SB018M",-121.909917,38.04598,2017-05-14,"09:05:00","MWTR",1,5,17287.77497216,17.1000003814697,"CHN",3
"Chipps Island","SB018M",-121.909917,38.04598,2017-05-14,"09:05:00","MWTR",1,5,17287.77497216,17.1000003814697,"STB",1
"Chipps Island","SB018M",-121.909917,38.04598,2017-05-14,"09:33:00","MWTR",1,6,21987.18977224,17.1000003814697,"CHN",8
"Chipps Island","SB018M",-121.909917,38.04598,2017-05-14,"09:56:00","MWTR",1,7,22037.61910658,17,"AMS",1
"Chipps Island","SB018M",-121.909917,38.04598,2017-05-14,"09:56:00","MWTR",1,7,22037.61910658,17,"CHN",7
"Chipps Island","SB018S",-121.909917,38.04283,2017-05-14,"10:23:00","MWTR",1,8,21896.31711036,17.2000007629395,"AMS",2
"Chipps Island","SB018S",-121.909917,38.04283,2017-05-14,"10:23:00","MWTR",1,8,21896.31711036,17.2000007629395,"CHN",16
"Chipps Island","SB018S",-121.909917,38.04283,2017-05-14,"10:23:00","MWTR",1,8,21896.31711036,17.2000007629395,"RBT",1
"Chipps Island","SB018S",-121.909917,38.04283,2017-05-14,"10:23:00","MWTR",1,8,21896.31711036,17.2000007629395,"STB",1
"Chipps Island","SB018S",-121.909917,38.04283,2017-05-14,"10:47:00","MWTR",1,9,21149.36380172,17.1000003814697,"CHN",15
"Chipps Island","SB018S",-121.909917,38.04283,2017-05-14,"11:11:00","MWTR",1,10,21145.369399,17.1000003814697,"AMS",1
"Chipps Island","SB018S",-121.909917,38.04283,2017-05-14,"11:11:00","MWTR",1,10,21145.369399,17.1000003814697,"CHN",13
"Chipps Island","SB018N",-121.909917,38.047967,2017-05-15,"08:05:00","MWTR",1,1,19893.62344662,17,"AMS",2
"Chipps Island","SB018N",-121.909917,38.047967,2017-05-15,"08:05:00","MWTR",1,1,19893.62344662,17,"CHN",15
"Chipps Island","SB018N",-121.909917,38.047967,2017-05-15,"08:30:00","MWTR",1,2,17008.6660821,17,"AMS",2
"Chipps Island","SB018N",-121.909917,38.047967,2017-05-15,"08:30:00","MWTR",1,2,17008.6660821,17,"CHN",1
"Chipps Island","SB018N",-121.909917,38.047967,2017-05-15,"09:00:00","MWTR",1,3,24939.05338232,17,"BKS",1
"Chipps Island","SB018N",-121.909917,38.047967,2017-05-15,"09:00:00","MWTR",1,3,24939.05338232,17,"CHN",10
"Chipps Island","SB018N",-121.909917,38.047967,2017-05-15,"09:24:00","MWTR",2,4,25211.67136796,16.8999996185303,"CHN",4
"Chipps Island","SB018M",-121.909917,38.04598,2017-05-15,"09:52:00","MWTR",1,5,21756.51301516,16.7999992370605,"CHN",11
"Chipps Island","SB018M",-121.909917,38.04598,2017-05-15,"10:16:00","MWTR",1,6,22275.28606842,16.6000003814697,"CHN",5
"Chipps Island","SB018M",-121.909917,38.04598,2017-05-15,"10:40:00","MWTR",1,7,22493.480317,15.6000003814697,"CHN",17
"Chipps Island","SB018S",-121.909917,38.04283,2017-05-15,"11:11:00","MWTR",1,8,20789.36825658,17.2999992370605,"CHN",6
"Chipps Island","SB018S",-121.909917,38.04283,2017-05-15,"11:35:00","MWTR",1,9,22377.14333778,17.2999992370605,"CHN",8
"Chipps Island","SB018S",-121.909917,38.04283,2017-05-15,"12:00:00","MWTR",1,10,22618.80470234,17.3999996185303,"CHN",20
"Chipps Island","SB018M",-121.909917,38.04598,2017-05-16,"07:54:00","MWTR",1,1,20772.89134536,16.7999992370605,"CHN",34
"Chipps Island","SB018M",-121.909917,38.04598,2017-05-16,"08:19:00","MWTR",1,2,19091.74710058,16.6000003814697,"CHN",24
"Chipps Island","SB018M",-121.909917,38.04598,2017-05-16,"08:48:00","MWTR",1,3,22673.2284394,17.6370967697987,"AMS",1
"Chipps Island","SB018M",-121.909917,38.04598,2017-05-16,"08:48:00","MWTR",1,3,22673.2284394,17.6370967697987,"CHN",52
"Chipps Island","SB018M",-121.909917,38.04598,2017-05-16,"09:13:00","MWTR",1,4,21238.73856258,16.7999992370605,"CHN",73
"Chipps Island","SB018M",-121.909917,38.04598,2017-05-16,"09:13:00","MWTR",1,4,21238.73856258,16.7999992370605,"TFS",1
"Chipps Island","SB018S",-121.909917,38.04283,2017-05-16,"09:41:00","MWTR",1,5,21947.74504538,16.7999992370605,"CHN",53
"Chipps Island","SB018S",-121.909917,38.04283,2017-05-16,"09:41:00","MWTR",1,5,21947.74504538,16.7999992370605,"PL",1
"Chipps Island","SB018S",-121.909917,38.04283,2017-05-16,"10:07:00","MWTR",1,6,22220.86233136,16.7000007629395,"CHN",48
"Chipps Island","SB018S",-121.909917,38.04283,2017-05-16,"10:33:00","MWTR",1,7,22204.38542014,16.7999992370605,"CHN",30
"Chipps Island","SB018N",-121.909917,38.047967,2017-05-16,"11:02:00","MWTR",1,8,22857.47026486,16.3999996185303,"CHN",29
"Chipps Island","SB018N",-121.909917,38.047967,2017-05-16,"11:28:00","MWTR",1,9,22659.74733022,16.2999992370605,"CHN",20
"Chipps Island","SB018N",-121.909917,38.047967,2017-05-16,"11:28:00","MWTR",1,9,22659.74733022,16.2999992370605,"SHM",1
"Chipps Island","SB018N",-121.909917,38.047967,2017-05-16,"11:53:00","MWTR",1,10,23459.12717456,16.1000003814697,"CHN",24
"Chipps Island","SB018S",-121.909917,38.04283,2017-05-17,"07:42:00","MWTR",1,1,21958.72965286,16.6000003814697,"CHN",14
"Chipps Island","SB018S",-121.909917,38.04283,2017-05-17,"08:11:00","MWTR",1,2,19580.56213344,16.6000003814697,"CHN",78
"Chipps Island","SB018S",-121.909917,38.04283,2017-05-17,"08:35:00","MWTR",1,3,21409.9985792,16.2999992370605,"AMS",1
"Chipps Island","SB018S",-121.909917,38.04283,2017-05-17,"08:35:00","MWTR",1,3,21409.9985792,16.2999992370605,"CHN",58
"Chipps Island","SB018M",-121.909917,38.04598,2017-05-17,"09:06:00","MWTR",1,4,20902.21013342,16.6000003814697,"CHN",21
"Chipps Island","SB018M",-121.909917,38.04598,2017-05-17,"09:30:00","MWTR",1,5,21099.43376772,16.7000007629395,"AMS",2
"Chipps Island","SB018M",-121.909917,38.04598,2017-05-17,"09:30:00","MWTR",1,5,21099.43376772,16.7000007629395,"CHN",50
"Chipps Island","SB018M",-121.909917,38.04598,2017-05-17,"09:54:00","MWTR",1,6,23009.25756822,16.7000007629395,"BGS",1
"Chipps Island","SB018M",-121.909917,38.04598,2017-05-17,"09:54:00","MWTR",1,6,23009.25756822,16.7000007629395,"CHN",35
"Chipps Island","SB018N",-121.909917,38.047967,2017-05-17,"10:20:00","MWTR",1,7,20808.84096984,16.6000003814697,"AMS",4
"Chipps Island","SB018N",-121.909917,38.047967,2017-05-17,"10:20:00","MWTR",1,7,20808.84096984,16.6000003814697,"CHN",45
"Chipps Island","SB018N",-121.909917,38.047967,2017-05-17,"10:20:00","MWTR",1,7,20808.84096984,16.6000003814697,"STB",1
"Chipps Island","SB018N",-121.909917,38.047967,2017-05-17,"10:44:00","MWTR",1,8,21169.83511566,16.3999996185303,"CHN",33
"Chipps Island","SB018N",-121.909917,38.047967,2017-05-17,"10:44:00","MWTR",1,8,21169.83511566,16.3999996185303,"SPLT",1
"Chipps Island","SB018N",-121.909917,38.047967,2017-05-17,"10:44:00","MWTR",1,8,21169.83511566,16.3999996185303,"STB",1
"Chipps Island","SB018N",-121.909917,38.047967,2017-05-17,"11:10:00","MWTR",1,9,22322.71960072,16.2999992370605,"CHN",35
"Chipps Island","SB018N",-121.909917,38.047967,2017-05-17,"11:33:00","MWTR",1,10,20500.77266006,16.2999992370605,"CHN",31
"Chipps Island","SB018N",-121.909917,38.047967,2017-05-18,"07:52:00","MWTR",1,1,20181.7197428,16.3999996185303,"CHN",23
"Chipps Island","SB018N",-121.909917,38.047967,2017-05-18,"08:16:00","MWTR",1,2,20130.29180778,16.5,"CHN",33
"Chipps Island","SB018N",-121.909917,38.047967,2017-05-18,"08:41:00","MWTR",1,3,19563.08662154,16.7000007629395,"AMS",1
"Chipps Island","SB018N",-121.909917,38.047967,2017-05-18,"08:41:00","MWTR",1,3,19563.08662154,16.7000007629395,"CHN",15
"Chipps Island","SB018N",-121.909917,38.047967,2017-05-18,"09:06:00","MWTR",1,4,20247.12808734,16.7000007629395,"CHN",28
"Chipps Island","SB018S",-121.909917,38.04283,2017-05-18,"09:33:00","MWTR",1,5,20161.24842886,16.7999992370605,"CHN",14
"Chipps Island","SB018S",-121.909917,38.04283,2017-05-18,"09:33:00","MWTR",1,5,20161.24842886,16.7999992370605,"TSS",1
"Chipps Island","SB018S",-121.909917,38.04283,2017-05-18,"10:21:00","MWTR",1,6,20677.02568008,16.7999992370605,"CHN",24
"Chipps Island","SB018S",-121.909917,38.04283,2017-05-18,"10:50:00","MWTR",1,7,19806.74518746,16.8999996185303,"CHN",3
"Chipps Island","SB018M",-121.909917,38.04598,2017-05-18,"11:15:00","MWTR",1,8,20851.28149874,17.1000003814697,"CHN",6
"Chipps Island","SB018M",-121.909917,38.04598,2017-05-18,"11:40:00","MWTR",1,9,20421.383906,16.8999996185303,"CHN",15
"Chipps Island","SB018M",-121.909917,38.04598,2017-05-18,"12:05:00","MWTR",1,10,21007.56250516,17.2000007629395,"CHN",7
"Chipps Island","SB018M",-121.909917,38.04598,2017-05-18,"12:05:00","MWTR",1,10,21007.56250516,17.2000007629395,"SPLT",1
"Chipps Island","SB018M",-121.909917,38.04598,2017-05-19,"07:35:00","MWTR",1,1,20727.95431476,16.8999996185303,"CHN",3
"Chipps Island","SB018M",-121.909917,38.04598,2017-05-19,"08:00:00","MWTR",1,2,20418.8874043,16.7999992370605,"CHN",34
"Chipps Island","SB018M",-121.909917,38.04598,2017-05-19,"08:00:00","MWTR",1,2,20418.8874043,16.7999992370605,"RBT",1
"Chipps Island","SB018M",-121.909917,38.04598,2017-05-19,"08:24:00","MWTR",1,3,20416.89020294,16.8999996185303,"CHN",21
"Chipps Island","SB018M",-121.909917,38.04598,2017-05-19,"08:50:00","MWTR",1,4,24999.46872346,17.1000003814697,"AMS",1
"Chipps Island","SB018M",-121.909917,38.04598,2017-05-19,"08:50:00","MWTR",1,4,24999.46872346,17.1000003814697,"CHN",8
"Chipps Island","SB018S",-121.909917,38.04283,2017-05-19,"09:11:00","MWTR",1,5,21891.8234073,17,"CHN",7
"Chipps Island","SB018S",-121.909917,38.04283,2017-05-19,"09:36:00","MWTR",1,6,20187.71134688,17.1000003814697,"AMS",1
"Chipps Island","SB018S",-121.909917,38.04283,2017-05-19,"09:36:00","MWTR",1,6,20187.71134688,17.1000003814697,"CHN",3
"Chipps Island","SB018S",-121.909917,38.04283,2017-05-19,"09:59:00","MWTR",1,7,20997.57649836,17.1000003814697,"CHN",26
"Chipps Island","SB018N",-121.909917,38.047967,2017-05-19,"10:25:00","MWTR",1,8,21851.38007976,17.2000007629395,"CHN",6
"Chipps Island","SB018N",-121.909917,38.047967,2017-05-19,"10:25:00","MWTR",1,8,21851.38007976,17.2000007629395,"STB",1
"Chipps Island","SB018N",-121.909917,38.047967,2017-05-19,"10:50:00","MWTR",1,9,21624.19842506,17.7999992370605,"CHN",9
"Chipps Island","SB018N",-121.909917,38.047967,2017-05-19,"11:14:00","MWTR",1,10,19990.48771258,17,"CHN",10
"Chipps Island","SB018N",-121.909917,38.047967,2017-05-20,"07:39:00","MWTR",1,1,19960.03039184,17.2000007629395,"CHN",20
"Chipps Island","SB018N",-121.909917,38.047967,2017-05-20,"08:04:00","MWTR",1,2,20621.104042,17.1000003814697,"CHN",21
"Chipps Island","SB018N",-121.909917,38.047967,2017-05-20,"08:30:00","MWTR",1,3,21526.33555842,17.2999992370605,"AMS",1
"Chipps Island","SB018N",-121.909917,38.047967,2017-05-20,"08:30:00","MWTR",1,3,21526.33555842,17.2999992370605,"CHN",3
"Chipps Island","SB018N",-121.909917,38.047967,2017-05-20,"08:54:00","MWTR",1,4,19.9720136,17.6000003814697,"CHN",7
"Chipps Island","SB018S",-121.909917,38.04283,2017-05-20,"09:19:00","MWTR",1,5,20142.77431628,17.5,"CHN",8
"Chipps Island","SB018S",-121.909917,38.04283,2017-05-20,"09:19:00","MWTR",1,5,20142.77431628,17.5,"WHC",1
"Chipps Island","SB018S",-121.909917,38.04283,2017-05-20,"09:44:00","MWTR",1,6,20260.10989618,17.5,"CHN",31
"Chipps Island","SB018S",-121.909917,38.04283,2017-05-20,"10:11:00","MWTR",1,7,20228.65397476,17.5,"CHN",8
"Chipps Island","SB018M",-121.909917,38.04598,2017-05-20,"10:36:00","MWTR",1,8,20312.03713154,17.7000007629395,"CHN",12
"Chipps Island","SB018M",-121.909917,38.04598,2017-05-20,"11:00:00","MWTR",1,9,19655.95648478,17.1000003814697,"CHN",13
"Chipps Island","SB018M",-121.909917,38.04598,2017-05-20,"11:25:00","MWTR",1,10,5730.96930252,17.6000003814697,"CHN",1
"Chipps Island","SB018M",-121.909917,38.04598,2017-05-20,"11:40:00","MWTR",1,11,17230.8547334,17.5,"CHN",7
"Chipps Island","SB018M",-121.909917,38.04598,2017-05-21,"07:23:00","MWTR",1,1,17928.87660872,18.1000003814697,"CHN",9
"Chipps Island","SB018M",-121.909917,38.04598,2017-05-21,"07:51:00","MWTR",1,2,18428.17694872,17.7000007629395,"AMS",2
"Chipps Island","SB018M",-121.909917,38.04598,2017-05-21,"07:51:00","MWTR",1,2,18428.17694872,17.7000007629395,"CHN",12
"Chipps Island","SB018M",-121.909917,38.04598,2017-05-21,"08:12:00","MWTR",1,3,22143.47077866,17.3999996185303,"CHN",10
"Chipps Island","SB018M",-121.909917,38.04598,2017-05-21,"08:38:00","MWTR",1,4,20757.41303482,17.5,"CHN",7
"Chipps Island","SB018N",-121.909917,38.047967,2017-05-21,"09:03:00","MWTR",1,5,20080.86107412,17.6000003814697,"CHN",7
"Chipps Island","SB018N",-121.909917,38.047967,2017-05-21,"09:28:00","MWTR",1,6,4012.87683258,17.7000007629395,"CHN",16
"Chipps Island","SB018N",-121.909917,38.047967,2017-05-21,"09:53:00","MWTR",1,7,10912.2089307,17.7999992370605,"CHN",4
"Chipps Island","SB018S",-121.909917,38.04283,2017-05-21,"10:21:00","MWTR",1,8,19277.9861274,17.1000003814697,"CHN",12
"Chipps Island","SB018S",-121.909917,38.04283,2017-05-21,"10:46:00","MWTR",1,9,40732.9217372,18,"CHN",5
"Chipps Island","SB018S",-121.909917,38.04283,2017-05-21,"11:11:00","MWTR",1,10,22282.77557352,18,"CHN",8
"Chipps Island","SB018M",-121.909917,38.04598,2017-05-22,"08:11:00","MWTR",1,1,16048.01222794,18.5,"CHN",4
"Chipps Island","SB018M",-121.909917,38.04598,2017-05-22,"08:37:00","MWTR",1,2,22680.7179445,18.1000003814697,"CHN",9
"Chipps Island","SB018N",-121.909917,38.047967,2017-05-22,"09:03:00","MWTR",1,3,22366.1587303,17.8999996185303,"CHN",6
"Chipps Island","SB018M",-121.909917,38.04598,2017-05-22,"09:29:00","MWTR",1,4,19195.6015713,18.1000003814697,"NOFISH",NA
"Chipps Island","SB018N",-121.909917,38.047967,2017-05-22,"09:57:00","MWTR",1,5,19284.47703182,18,"CHN",10
"Chipps Island","SB018N",-121.909917,38.047967,2017-05-22,"10:21:00","MWTR",1,6,20916.19054294,18.1000003814697,"CHN",5
"Chipps Island","SB018N",-121.909917,38.047967,2017-05-22,"10:47:00","MWTR",1,7,19922.58286634,18.1000003814697,"CHN",11
"Chipps Island","SB018S",-121.909917,38.04283,2017-05-22,"11:13:00","MWTR",1,8,20189.2092479,18.5,"CHN",1
"Chipps Island","SB018S",-121.909917,38.04283,2017-05-22,"11:39:00","MWTR",1,9,22005.16458448,18.6000003814697,"CHN",11
"Chipps Island","SB018S",-121.909917,38.04283,2017-05-22,"12:04:00","MWTR",1,10,21441.95380096,18.5,"CHN",8
"Chipps Island","SB018N",-121.909917,38.047967,2017-05-23,"07:32:00","MWTR",1,1,18193.50578892,18.5,"NOFISH",NA
"Chipps Island","SB018N",-121.909917,38.047967,2017-05-23,"07:58:00","MWTR",1,2,23177.02248246,18.3999996185303,"CHN",9
"Chipps Island","SB018N",-121.909917,38.047967,2017-05-23,"07:58:00","MWTR",1,2,23177.02248246,18.3999996185303,"SHM",1
"Chipps Island","SB018N",-121.909917,38.047967,2017-05-23,"08:23:00","MWTR",1,3,23313.83077562,18.3999996185303,"CHN",9
"Chipps Island","SB018N",-121.909917,38.047967,2017-05-23,"08:47:00","MWTR",1,4,22400.61045376,18.2999992370605,"CHN",14
"Chipps Island","SB018S",-121.909917,38.04283,2017-05-23,"09:18:00","MWTR",1,5,22542.41175032,18.8999996185303,"CHN",20
"Chipps Island","SB018S",-121.909917,38.04283,2017-05-23,"09:42:00","MWTR",1,6,21485.39293054,19,"CHN",13
"Chipps Island","SB018S",-121.909917,38.04283,2017-05-23,"10:08:00","MWTR",1,7,18519.0496106,19.1000003814697,"CHN",9
"Chipps Island","SB018M",-121.909917,38.04598,2017-05-23,"10:33:00","MWTR",1,8,22096.03724636,19,"CHN",23
"Chipps Island","SB018M",-121.909917,38.04598,2017-05-23,"10:58:00","MWTR",1,9,19131.69112778,19,"CHN",17
"Chipps Island","SB018M",-121.909917,38.04598,2017-05-23,"11:24:00","MWTR",1,10,19719.8669283,19,"CHN",3
"Chipps Island","SB018M",-121.909917,38.04598,2017-05-23,"11:24:00","MWTR",1,10,19719.8669283,19,"STB",1
"Chipps Island","SB018N",-121.909917,38.047967,2017-05-24,"08:03:00","MWTR",1,1,20483.7964485,18.6000003814697,"AMS",4
"Chipps Island","SB018N",-121.909917,38.047967,2017-05-24,"08:03:00","MWTR",1,1,20483.7964485,18.6000003814697,"CHN",16
"Chipps Island","SB018N",-121.909917,38.047967,2017-05-24,"08:03:00","MWTR",1,1,20483.7964485,18.6000003814697,"SPLT",1
"Chipps Island","SB018N",-121.909917,38.047967,2017-05-24,"08:31:00","MWTR",1,2,26199.28744048,18.3999996185303,"AMS",1
"Chipps Island","SB018N",-121.909917,38.047967,2017-05-24,"08:31:00","MWTR",1,2,26199.28744048,18.3999996185303,"SPLT",3
"Chipps Island","SB018N",-121.909917,38.047967,2017-05-24,"08:51:00","MWTR",1,3,23102.6267318,18.3999996185303,"AMS",2
"Chipps Island","SB018N",-121.909917,38.047967,2017-05-24,"08:51:00","MWTR",1,3,23102.6267318,18.3999996185303,"CHN",19
"Chipps Island","SB018N",-121.909917,38.047967,2017-05-24,"08:51:00","MWTR",1,3,23102.6267318,18.3999996185303,"SHM",1
"Chipps Island","SB018N",-121.909917,38.047967,2017-05-24,"08:51:00","MWTR",1,3,23102.6267318,18.3999996185303,"STB",1
"Chipps Island","SB018N",-121.909917,38.047967,2017-05-24,"09:22:00","MWTR",1,4,22078.06243412,18.5,"CHN",22
"Chipps Island","SB018M",-121.909917,38.04598,2017-05-24,"09:48:00","MWTR",1,5,22627.29280812,18.7000007629395,"CHN",12
"Chipps Island","SB018M",-121.909917,38.04598,2017-05-24,"09:48:00","MWTR",1,5,22627.29280812,18.7000007629395,"GSN",1
"Chipps Island","SB018M",-121.909917,38.04598,2017-05-24,"09:48:00","MWTR",1,5,22627.29280812,18.7000007629395,"STB",1
"Chipps Island","SB018M",-121.909917,38.04598,2017-05-24,"10:14:00","MWTR",1,6,23844.58703704,18.3999996185303,"CHN",18
"Chipps Island","SB018M",-121.909917,38.04598,2017-05-24,"10:14:00","MWTR",1,6,23844.58703704,18.3999996185303,"TP",1
"Chipps Island","SB018M",-121.909917,38.04598,2017-05-24,"10:39:00","MWTR",1,7,21846.8863767,18.5,"CHN",10
"Chipps Island","SB018M",-121.909917,38.04598,2017-05-24,"10:39:00","MWTR",1,7,21846.8863767,18.5,"STB",1
"Chipps Island","SB018S",-121.909917,38.04283,2017-05-24,"11:07:00","MWTR",1,8,16675.63275532,19.2000007629395,"CHN",2
"Chipps Island","SB018S",-121.909917,38.04283,2017-05-24,"11:07:00","MWTR",1,8,16675.63275532,19.2000007629395,"STB",2
"Chipps Island","SB018S",-121.909917,38.04283,2017-05-24,"11:33:00","MWTR",1,9,16416.9951792,19.2000007629395,"CHN",8
"Chipps Island","SB018S",-121.909917,38.04283,2017-05-24,"11:58:00","MWTR",1,10,19726.35783272,19.1000003814697,"CHN",3
"Chipps Island","SB018M",-121.909917,38.04598,2017-05-25,"08:03:00","MWTR",1,1,17859.9731618,18.3999996185303,"CHN",13
"Chipps Island","SB018M",-121.909917,38.04598,2017-05-25,"08:03:00","MWTR",1,1,17859.9731618,18.3999996185303,"SHM",1
"Chipps Island","SB018M",-121.909917,38.04598,2017-05-25,"08:03:00","MWTR",1,1,17859.9731618,18.3999996185303,"SPLT",1
"Chipps Island","SB018M",-121.909917,38.04598,2017-05-25,"08:27:00","MWTR",1,2,21411.49648022,18.2999992370605,"CHN",10
"Chipps Island","SB018M",-121.909917,38.04598,2017-05-25,"08:27:00","MWTR",1,2,21411.49648022,18.2999992370605,"SPLT",1
"Chipps Island","SB018M",-121.909917,38.04598,2017-05-25,"08:27:00","MWTR",1,2,21411.49648022,18.2999992370605,"STB",2
"Chipps Island","SB018M",-121.909917,38.04598,2017-05-25,"08:52:00","MWTR",1,3,20994.08139598,18.2000007629395,"CHN",9
"Chipps Island","SB018M",-121.909917,38.04598,2017-05-25,"08:52:00","MWTR",1,3,20994.08139598,18.2000007629395,"SPLT",1
"Chipps Island","SB018M",-121.909917,38.04598,2017-05-25,"09:17:00","MWTR",1,4,20935.6632562,18.2999992370605,"CHN",5
"Chipps Island","SB018S",-121.909917,38.04283,2017-05-25,"09:44:00","MWTR",1,5,20479.30274544,18.7000007629395,"CHN",6
"Chipps Island","SB018S",-121.909917,38.04283,2017-05-25,"10:09:00","MWTR",1,6,20672.03267668,18.7999992370605,"CHN",8
"Chipps Island","SB018S",-121.909917,38.04283,2017-05-25,"10:09:00","MWTR",1,6,20672.03267668,18.7999992370605,"STB",3
"Chipps Island","SB018S",-121.909917,38.04283,2017-05-25,"10:33:00","MWTR",1,7,20198.69595436,18.7000007629395,"CHN",6
"Chipps Island","SB018S",-121.909917,38.04283,2017-05-25,"10:33:00","MWTR",1,7,20198.69595436,18.7000007629395,"STB",1
"Chipps Island","SB018N",-121.909917,38.047967,2017-05-25,"11:00:00","MWTR",1,8,21370.054552,18.1000003814697,"CHN",12
"Chipps Island","SB018N",-121.909917,38.047967,2017-05-25,"11:00:00","MWTR",1,8,21370.054552,18.1000003814697,"STB",2
"Chipps Island","SB018N",-121.909917,38.047967,2017-05-25,"11:24:00","MWTR",1,9,21665.14105294,18.1000003814697,"CHN",8
"Chipps Island","SB018N",-121.909917,38.047967,2017-05-25,"11:48:00","MWTR",1,10,21449.44330606,18,"CHN",6
"Chipps Island","SB018N",-121.909917,38.047967,2017-05-25,"11:48:00","MWTR",1,10,21449.44330606,18,"STB",1
"Chipps Island","SB018S",-121.909917,38.04283,2017-05-26,"08:01:00","MWTR",1,1,10963.63686572,17.6370967697987,"CHN",2
"Chipps Island","SB018S",-121.909917,38.04283,2017-05-26,"08:01:00","MWTR",1,1,10963.63686572,17.6370967697987,"TSS",1
"Chipps Island","SB018S",-121.909917,38.04283,2017-05-26,"08:26:00","MWTR",1,2,20329.0133431,17.6370967697987,"CHN",1
"Chipps Island","SB018S",-121.909917,38.04283,2017-05-26,"08:50:00","MWTR",1,3,20912.69544056,17.6370967697987,"CHN",1
"Chipps Island","SB018M",-121.909917,38.04598,2017-05-26,"09:15:00","MWTR",1,4,18900.51507036,17.6370967697987,"CHN",13
"Chipps Island","SB018M",-121.909917,38.04598,2017-05-26,"09:39:00","MWTR",1,5,20815.8311746,17.6370967697987,"CHN",3
"Chipps Island","SB018N",-121.909917,38.047967,2017-05-26,"10:08:00","MWTR",1,6,21476.40552442,17.6370967697987,"CHN",5
"Chipps Island","SB018N",-121.909917,38.047967,2017-05-26,"10:08:00","MWTR",1,6,21476.40552442,17.6370967697987,"SPLT",1
"Chipps Island","SB018N",-121.909917,38.047967,2017-05-26,"10:08:00","MWTR",1,6,21476.40552442,17.6370967697987,"STB",3
"Chipps Island","SB018N",-121.909917,38.047967,2017-05-26,"10:33:00","MWTR",1,7,20633.5865505,17.6370967697987,"CHN",22
"Chipps Island","SB018N",-121.909917,38.047967,2017-05-26,"10:33:00","MWTR",1,7,20633.5865505,17.6370967697987,"STB",1
"Chipps Island","SB018N",-121.909917,38.047967,2017-05-26,"10:57:00","MWTR",1,8,20555.19639712,17.6370967697987,"CHN",10
"Chipps Island","SB018N",-121.909917,38.047967,2017-05-26,"11:22:00","MWTR",1,9,22978.80024748,17.6370967697987,"CHN",2
"Chipps Island","SB018N",-121.909917,38.047967,2017-05-26,"11:22:00","MWTR",1,9,22978.80024748,17.6370967697987,"STB",2
"Chipps Island","SB018M",-121.909917,38.04598,2017-05-26,"11:47:00","MWTR",1,10,22547.40475372,17.6370967697987,"CHN",12
"Chipps Island","SB018N",-121.909917,38.047967,2017-05-27,"07:28:00","MWTR",1,1,17061.59191814,18.1000003814697,"CHN",11
"Chipps Island","SB018N",-121.909917,38.047967,2017-05-27,"07:51:00","MWTR",1,2,23606.9200752,17.8999996185303,"CHN",4
"Chipps Island","SB018N",-121.909917,38.047967,2017-05-27,"07:51:00","MWTR",1,2,23606.9200752,17.8999996185303,"STB",2
"Chipps Island","SB018N",-121.909917,38.047967,2017-05-27,"08:15:00","MWTR",1,3,23353.77480282,18,"AMS",2
"Chipps Island","SB018N",-121.909917,38.047967,2017-05-27,"08:15:00","MWTR",1,3,23353.77480282,18,"CHN",7
"Chipps Island","SB018N",-121.909917,38.047967,2017-05-27,"08:15:00","MWTR",1,3,23353.77480282,18,"STB",2
"Chipps Island","SB018N",-121.909917,38.047967,2017-05-27,"08:39:00","MWTR",1,4,19463.22655354,18,"CHN",1
"Chipps Island","SB018N",-121.909917,38.047967,2017-05-27,"08:39:00","MWTR",1,4,19463.22655354,18,"SPLT",1
"Chipps Island","SB018N",-121.909917,38.047967,2017-05-27,"08:39:00","MWTR",1,4,19463.22655354,18,"STB",2
"Chipps Island","SB018M",-121.909917,38.04598,2017-05-27,"09:06:00","MWTR",1,5,25192.1986547,17.8999996185303,"CHN",22
"Chipps Island","SB018M",-121.909917,38.04598,2017-05-27,"09:06:00","MWTR",1,5,25192.1986547,17.8999996185303,"SHM",1
"Chipps Island","SB018M",-121.909917,38.04598,2017-05-27,"09:30:00","MWTR",1,6,27466.5117034,17.7999992370605,"CHN",25
"Chipps Island","SB018M",-121.909917,38.04598,2017-05-27,"09:30:00","MWTR",1,6,27466.5117034,17.7999992370605,"STB",2
"Chipps Island","SB018M",-121.909917,38.04598,2017-05-27,"09:53:00","MWTR",1,7,29136.17204036,17.7999992370605,"AMS",1
"Chipps Island","SB018M",-121.909917,38.04598,2017-05-27,"09:53:00","MWTR",1,7,29136.17204036,17.7999992370605,"CHN",24
"Chipps Island","SB018S",-121.909917,38.04283,2017-05-27,"10:22:00","MWTR",1,8,22095.03864568,18.1000003814697,"CHN",33
"Chipps Island","SB018S",-121.909917,38.04283,2017-05-27,"10:22:00","MWTR",1,8,22095.03864568,18.1000003814697,"RBT",1
"Chipps Island","SB018S",-121.909917,38.04283,2017-05-27,"10:22:00","MWTR",1,8,22095.03864568,18.1000003814697,"STB",1
"Chipps Island","SB018S",-121.909917,38.04283,2017-05-27,"10:47:00","MWTR",1,9,27413.08656702,18.1000003814697,"CHN",22
"Chipps Island","SB018S",-121.909917,38.04283,2017-05-27,"10:47:00","MWTR",1,9,27413.08656702,18.1000003814697,"STB",1
"Chipps Island","SB018S",-121.909917,38.04283,2017-05-27,"11:11:00","MWTR",1,10,14938.06757212,18.2999992370605,"AMS",1
"Chipps Island","SB018S",-121.909917,38.04283,2017-05-27,"11:11:00","MWTR",1,10,14938.06757212,18.2999992370605,"CHN",28
"Chipps Island","SB018S",-121.909917,38.04283,2017-05-27,"11:11:00","MWTR",1,10,14938.06757212,18.2999992370605,"SPLT",1
"Chipps Island","SB018S",-121.909917,38.04283,2017-05-28,"07:34:00","MWTR",1,1,18260.41203448,18.2999992370605,"CHN",33
"Chipps Island","SB018S",-121.909917,38.04283,2017-05-28,"07:57:00","MWTR",1,2,21746.02770802,18.2999992370605,"CHC",1
"Chipps Island","SB018S",-121.909917,38.04283,2017-05-28,"07:57:00","MWTR",1,2,21746.02770802,18.2999992370605,"CHN",50
"Chipps Island","SB018S",-121.909917,38.04283,2017-05-28,"08:21:00","MWTR",1,3,18907.00597478,18.2999992370605,"CHN",54
"Chipps Island","SB018S",-121.909917,38.04283,2017-05-28,"08:21:00","MWTR",1,3,18907.00597478,18.2999992370605,"STB",1
"Chipps Island","SB018M",-121.909917,38.04598,2017-05-28,"08:48:00","MWTR",1,4,22524.93623842,18.2999992370605,"CHN",54
"Chipps Island","SB018M",-121.909917,38.04598,2017-05-28,"09:13:00","MWTR",1,5,22986.78905292,18.2999992370605,"CHN",39
"Chipps Island","SB018M",-121.909917,38.04598,2017-05-28,"09:13:00","MWTR",1,5,22986.78905292,18.2999992370605,"STB",1
"Chipps Island","SB018M",-121.909917,38.04598,2017-05-28,"09:43:00","MWTR",1,6,22695.6969547,18.2000007629395,"CHN",43
"Chipps Island","SB018N",-121.909917,38.047967,2017-05-28,"10:14:00","MWTR",1,7,23214.9693083,18,"CHN",21
"Chipps Island","SB018N",-121.909917,38.047967,2017-05-28,"10:39:00","MWTR",1,8,22399.61185308,17.8999996185303,"CHN",29
"Chipps Island","SB018N",-121.909917,38.047967,2017-05-28,"10:39:00","MWTR",1,8,22399.61185308,17.8999996185303,"SHM",1
"Chipps Island","SB018N",-121.909917,38.047967,2017-05-28,"10:39:00","MWTR",1,8,22399.61185308,17.8999996185303,"STB",1
"Chipps Island","SB018N",-121.909917,38.047967,2017-05-28,"11:04:00","MWTR",1,9,22733.1444802,18,"CHN",46
"Chipps Island","SB018N",-121.909917,38.047967,2017-05-28,"11:31:00","MWTR",1,10,22862.46326826,18.1000003814697,"CHN",44
"Chipps Island","SB018N",-121.909917,38.047967,2017-05-28,"11:31:00","MWTR",1,10,22862.46326826,18.1000003814697,"SPLT",1
"Chipps Island","SB018M",-121.909917,38.04598,2017-05-30,"07:48:00","MWTR",1,1,19217.07148592,18.2999992370605,"CHN",26
"Chipps Island","SB018M",-121.909917,38.04598,2017-05-30,"07:48:00","MWTR",1,1,19217.07148592,18.2999992370605,"STB",2
"Chipps Island","SB018M",-121.909917,38.04598,2017-05-30,"08:13:00","MWTR",1,2,20355.97556146,18.3999996185303,"CHN",37
"Chipps Island","SB018M",-121.909917,38.04598,2017-05-30,"08:37:00","MWTR",1,3,20176.7267394,18.2000007629395,"CHN",25
"Chipps Island","SB018S",-121.909917,38.04283,2017-05-30,"09:04:00","MWTR",1,4,27053.59032222,18.2999992370605,"CHN",13
"Chipps Island","SB018S",-121.909917,38.04283,2017-05-30,"09:04:00","MWTR",1,4,27053.59032222,18.2999992370605,"STB",1
"Chipps Island","SB018S",-121.909917,38.04283,2017-05-30,"09:28:00","MWTR",1,5,22125.49596642,18.3999996185303,"CHN",58
"Chipps Island","SB018S",-121.909917,38.04283,2017-05-30,"09:52:00","MWTR",1,6,22457.03139218,18.3999996185303,"CHN",102
"Chipps Island","SB018S",-121.909917,38.04283,2017-05-30,"10:17:00","MWTR",1,7,22999.27156142,18.5,"CHN",90
"Chipps Island","SB018N",-121.909917,38.047967,2017-05-30,"10:43:00","MWTR",1,8,21784.4738342,18.3999996185303,"AMS",1
"Chipps Island","SB018N",-121.909917,38.047967,2017-05-30,"10:43:00","MWTR",1,8,21784.4738342,18.3999996185303,"CHN",22
"Chipps Island","SB018N",-121.909917,38.047967,2017-05-30,"10:43:00","MWTR",1,8,21784.4738342,18.3999996185303,"SHM",1
"Chipps Island","SB018N",-121.909917,38.047967,2017-05-30,"11:09:00","MWTR",1,9,20.97061428,18.3999996185303,"CHN",30
"Chipps Island","SB018N",-121.909917,38.047967,2017-05-30,"11:31:00","MWTR",1,10,23563.98024596,18.3999996185303,"CHN",24
"Chipps Island","SB018N",-121.909917,38.047967,2017-05-30,"11:31:00","MWTR",1,10,23563.98024596,18.3999996185303,"SHM",1
"Chipps Island","SB018N",-121.909917,38.047967,2017-05-30,"11:31:00","MWTR",1,10,23563.98024596,18.3999996185303,"STB",3
"Chipps Island","SB018N",-121.909917,38.047967,2017-05-31,"07:31:00","MWTR",1,1,19968.51849762,18.2000007629395,"CHN",28
"Chipps Island","SB018N",-121.909917,38.047967,2017-05-31,"07:31:00","MWTR",1,1,19968.51849762,18.2000007629395,"STB",1
"Chipps Island","SB018N",-121.909917,38.047967,2017-05-31,"07:55:00","MWTR",1,2,21198.79453538,17.7999992370605,"CHN",18
"Chipps Island","SB018N",-121.909917,38.047967,2017-05-31,"07:55:00","MWTR",1,2,21198.79453538,17.7999992370605,"DSM",1
"Chipps Island","SB018N",-121.909917,38.047967,2017-05-31,"08:20:00","MWTR",1,3,20954.63666912,18.2999992370605,"AMS",3
"Chipps Island","SB018N",-121.909917,38.047967,2017-05-31,"08:20:00","MWTR",1,3,20954.63666912,18.2999992370605,"CHN",31
"Chipps Island","SB018N",-121.909917,38.047967,2017-05-31,"08:45:00","MWTR",1,4,16292.1700942,18.1000003814697,"CHN",37
"Chipps Island","SB018S",-121.909917,38.04283,2017-05-31,"09:05:00","MWTR",1,5,21599.23340806,18.3999996185303,"CHN",23
"Chipps Island","SB018S",-121.909917,38.04283,2017-05-31,"09:30:00","MWTR",1,6,20365.46226792,18.3999996185303,"CHN",47
"Chipps Island","SB018S",-121.909917,38.04283,2017-05-31,"09:55:00","MWTR",1,7,19565.0838229,18.6000003814697,"CHN",25
"Chipps Island","SB018M",-121.909917,38.04598,2017-05-31,"10:23:00","MWTR",1,8,22392.62164832,18.3999996185303,"CHN",105
"Chipps Island","SB018M",-121.909917,38.04598,2017-05-31,"10:48:00","MWTR",1,9,21757.51161584,18.5,"CHN",137
"Chipps Island","SB018M",-121.909917,38.04598,2017-05-31,"11:12:00","MWTR",1,10,21497.3761387,18.2999992370605,"CHN",101
